,filename,flavor,category
0,IMG_8346.jpg,shiawase-butter,0
1,IMG_8285.jpg,shiawase-butter,0
2,IMG_8165.jpg,shiawase-butter,0
3,IMG_8326.jpg,shiawase-butter,0
4,IMG_8317.jpg,shiawase-butter,0
5,IMG_8286.jpg,shiawase-butter,0
6,IMG_8176.jpg,shiawase-butter,0
7,IMG_8334.jpg,shiawase-butter,0
8,IMG_8162.jpg,shiawase-butter,0
9,IMG_8147.jpg,shiawase-butter,0
10,IMG_8145.jpg,shiawase-butter,0
11,IMG_8242.jpg,shiawase-butter,0
12,IMG_8341.jpg,shiawase-butter,0
13,IMG_8199.jpg,shiawase-butter,0
14,IMG_8273.jpg,shiawase-butter,0
15,IMG_8267.jpg,shiawase-butter,0
16,IMG_8192.jpg,shiawase-butter,0
17,IMG_8315.jpg,shiawase-butter,0
18,IMG_8255.jpg,shiawase-butter,0
19,IMG_8168.jpg,shiawase-butter,0
20,IMG_8226.jpg,shiawase-butter,0
21,IMG_8328.jpg,shiawase-butter,0
22,IMG_8197.jpg,shiawase-butter,0
23,IMG_8329.jpg,shiawase-butter,0
24,IMG_8178.jpg,shiawase-butter,0
25,IMG_8333.jpg,shiawase-butter,0
26,IMG_8224.jpg,shiawase-butter,0
27,IMG_8153.jpg,shiawase-butter,0
28,IMG_8211.jpg,shiawase-butter,0
29,IMG_8268.jpg,shiawase-butter,0
30,IMG_8332.jpg,shiawase-butter,0
31,IMG_8349.jpg,shiawase-butter,0
32,IMG_8335.jpg,shiawase-butter,0
33,IMG_8350.jpg,shiawase-butter,0
34,IMG_8345.jpg,shiawase-butter,0
35,IMG_8288.jpg,shiawase-butter,0
36,IMG_8307.jpg,shiawase-butter,0
37,IMG_8152.jpg,shiawase-butter,0
38,IMG_8172.jpg,shiawase-butter,0
39,IMG_8303.jpg,shiawase-butter,0
40,IMG_8225.jpg,shiawase-butter,0
41,IMG_8170.jpg,shiawase-butter,0
42,IMG_8171.jpg,shiawase-butter,0
43,IMG_8237.jpg,shiawase-butter,0
44,IMG_8300.jpg,shiawase-butter,0
45,IMG_8265.jpg,shiawase-butter,0
46,IMG_8157.jpg,shiawase-butter,0
47,IMG_8227.jpg,shiawase-butter,0
48,IMG_8235.jpg,shiawase-butter,0
49,IMG_8323.jpg,shiawase-butter,0
50,IMG_8289.jpg,shiawase-butter,0
51,IMG_8266.jpg,shiawase-butter,0
52,IMG_8306.jpg,shiawase-butter,0
53,IMG_8287.jpg,shiawase-butter,0
54,IMG_8247.jpg,shiawase-butter,0
55,IMG_8253.jpg,shiawase-butter,0
56,IMG_8294.jpg,shiawase-butter,0
57,IMG_8220.jpg,shiawase-butter,0
58,IMG_8169.jpg,shiawase-butter,0
59,IMG_8200.jpg,shiawase-butter,0
60,IMG_8254.jpg,shiawase-butter,0
61,IMG_8324.jpg,shiawase-butter,0
62,IMG_8175.jpg,shiawase-butter,0
63,IMG_8271.jpg,shiawase-butter,0
64,IMG_8149.jpg,shiawase-butter,0
65,IMG_8158.jpg,shiawase-butter,0
66,IMG_8216.jpg,shiawase-butter,0
67,IMG_8229.jpg,shiawase-butter,0
68,IMG_8262.jpg,shiawase-butter,0
69,IMG_8221.jpg,shiawase-butter,0
70,IMG_8198.jpg,shiawase-butter,0
71,IMG_8295.jpg,shiawase-butter,0
72,IMG_8340.jpg,shiawase-butter,0
73,IMG_8331.jpg,shiawase-butter,0
74,IMG_8185.jpg,shiawase-butter,0
75,IMG_8257.jpg,shiawase-butter,0
76,IMG_8312.jpg,shiawase-butter,0
77,IMG_8155.jpg,shiawase-butter,0
78,IMG_8194.jpg,shiawase-butter,0
79,IMG_8180.jpg,shiawase-butter,0
80,IMG_8167.jpg,shiawase-butter,0
81,IMG_8166.jpg,shiawase-butter,0
82,IMG_8214.jpg,shiawase-butter,0
83,IMG_8201.jpg,shiawase-butter,0
84,IMG_8261.jpg,shiawase-butter,0
85,IMG_8173.jpg,shiawase-butter,0
86,IMG_8245.jpg,shiawase-butter,0
87,IMG_8189.jpg,shiawase-butter,0
88,IMG_8205.jpg,shiawase-butter,0
89,IMG_8232.jpg,shiawase-butter,0
90,IMG_8327.jpg,shiawase-butter,0
91,IMG_8280.jpg,shiawase-butter,0
92,IMG_8184.jpg,shiawase-butter,0
93,IMG_8148.jpg,shiawase-butter,0
94,IMG_8159.jpg,shiawase-butter,0
95,IMG_8325.jpg,shiawase-butter,0
96,IMG_8240.jpg,shiawase-butter,0
97,IMG_8260.jpg,shiawase-butter,0
98,IMG_8320.jpg,shiawase-butter,0
99,IMG_8151.jpg,shiawase-butter,0
100,IMG_8208.jpg,shiawase-butter,0
101,IMG_8347.jpg,shiawase-butter,0
102,IMG_8292.jpg,shiawase-butter,0
103,IMG_8313.jpg,shiawase-butter,0
104,IMG_8146.jpg,shiawase-butter,0
105,IMG_8179.jpg,shiawase-butter,0
106,IMG_8309.jpg,shiawase-butter,0
107,IMG_8160.jpg,shiawase-butter,0
108,IMG_8256.jpg,shiawase-butter,0
109,IMG_8272.jpg,shiawase-butter,0
110,IMG_8339.jpg,shiawase-butter,0
111,IMG_8250.jpg,shiawase-butter,0
112,IMG_8231.jpg,shiawase-butter,0
113,IMG_8222.jpg,shiawase-butter,0
114,IMG_8244.jpg,shiawase-butter,0
115,IMG_8186.jpg,shiawase-butter,0
116,IMG_8234.jpg,shiawase-butter,0
117,IMG_8193.jpg,shiawase-butter,0
118,IMG_8218.jpg,shiawase-butter,0
119,IMG_8343.jpg,shiawase-butter,0
120,IMG_8305.jpg,shiawase-butter,0
121,IMG_8296.jpg,shiawase-butter,0
122,IMG_8275.jpg,shiawase-butter,0
123,IMG_8230.jpg,shiawase-butter,0
124,IMG_8233.jpg,shiawase-butter,0
125,IMG_8154.jpg,shiawase-butter,0
126,IMG_8330.jpg,shiawase-butter,0
127,IMG_8342.jpg,shiawase-butter,0
128,IMG_8258.jpg,shiawase-butter,0
129,IMG_8293.jpg,shiawase-butter,0
130,IMG_8336.jpg,shiawase-butter,0
131,IMG_8284.jpg,shiawase-butter,0
132,IMG_8251.jpg,shiawase-butter,0
133,IMG_8215.jpg,shiawase-butter,0
134,IMG_8241.jpg,shiawase-butter,0
135,IMG_8174.jpg,shiawase-butter,0
136,IMG_8282.jpg,shiawase-butter,0
137,IMG_8264.jpg,shiawase-butter,0
138,IMG_8248.jpg,shiawase-butter,0
139,IMG_8219.jpg,shiawase-butter,0
140,IMG_8301.jpg,shiawase-butter,0
141,IMG_8338.jpg,shiawase-butter,0
142,IMG_8163.jpg,shiawase-butter,0
143,IMG_8279.jpg,shiawase-butter,0
144,IMG_8322.jpg,shiawase-butter,0
145,IMG_8299.jpg,shiawase-butter,0
146,IMG_8187.jpg,shiawase-butter,0
147,IMG_8269.jpg,shiawase-butter,0
148,IMG_8316.jpg,shiawase-butter,0
149,IMG_8314.jpg,shiawase-butter,0
150,IMG_8156.jpg,shiawase-butter,0
151,IMG_8298.jpg,shiawase-butter,0
152,IMG_8302.jpg,shiawase-butter,0
153,IMG_8243.jpg,shiawase-butter,0
154,IMG_8207.jpg,shiawase-butter,0
155,IMG_8181.jpg,shiawase-butter,0
156,IMG_8259.jpg,shiawase-butter,0
157,IMG_8236.jpg,shiawase-butter,0
158,IMG_8210.jpg,shiawase-butter,0
159,IMG_8239.jpg,shiawase-butter,0
160,IMG_8290.jpg,shiawase-butter,0
161,IMG_8311.jpg,shiawase-butter,0
162,IMG_8209.jpg,shiawase-butter,0
163,IMG_8270.jpg,shiawase-butter,0
164,IMG_8297.jpg,shiawase-butter,0
165,IMG_8263.jpg,shiawase-butter,0
166,IMG_8276.jpg,shiawase-butter,0
167,IMG_8321.jpg,shiawase-butter,0
168,IMG_8217.jpg,shiawase-butter,0
169,IMG_8283.jpg,shiawase-butter,0
170,IMG_8252.jpg,shiawase-butter,0
171,IMG_8249.jpg,shiawase-butter,0
172,IMG_8213.jpg,shiawase-butter,0
173,IMG_8182.jpg,shiawase-butter,0
174,IMG_8278.jpg,shiawase-butter,0
175,IMG_8310.jpg,shiawase-butter,0
176,IMG_8319.jpg,shiawase-butter,0
177,IMG_8177.jpg,shiawase-butter,0
178,IMG_8191.jpg,shiawase-butter,0
179,IMG_8274.jpg,shiawase-butter,0
180,IMG_8164.jpg,shiawase-butter,0
181,IMG_8304.jpg,shiawase-butter,0
182,IMG_8161.jpg,shiawase-butter,0
183,IMG_8277.jpg,shiawase-butter,0
184,IMG_8308.jpg,shiawase-butter,0
185,IMG_8206.jpg,shiawase-butter,0
186,IMG_8348.jpg,shiawase-butter,0
187,IMG_8183.jpg,shiawase-butter,0
188,IMG_8150.jpg,shiawase-butter,0
189,IMG_8203.jpg,shiawase-butter,0
190,IMG_8228.jpg,shiawase-butter,0
191,IMG_8190.jpg,shiawase-butter,0
192,IMG_8212.jpg,shiawase-butter,0
193,IMG_8238.jpg,shiawase-butter,0
194,IMG_8337.jpg,shiawase-butter,0
195,IMG_8195.jpg,shiawase-butter,0
196,IMG_8344.jpg,shiawase-butter,0
197,IMG_8281.jpg,shiawase-butter,0
198,IMG_8223.jpg,shiawase-butter,0
199,IMG_8202.jpg,shiawase-butter,0
200,IMG_8246.jpg,shiawase-butter,0
201,IMG_8204.jpg,shiawase-butter,0
202,IMG_8188.jpg,shiawase-butter,0
203,IMG_8318.jpg,shiawase-butter,0
204,IMG_8291.jpg,shiawase-butter,0
205,IMG_9398.jpg,consomme-punch,1
206,IMG_9425.jpg,consomme-punch,1
207,IMG_9310.jpg,consomme-punch,1
208,IMG_9406.jpg,consomme-punch,1
209,IMG_9284.jpg,consomme-punch,1
210,IMG_9467.jpg,consomme-punch,1
211,IMG_9396.jpg,consomme-punch,1
212,IMG_9321.jpg,consomme-punch,1
213,IMG_9393.jpg,consomme-punch,1
214,IMG_9360.jpg,consomme-punch,1
215,IMG_9397.jpg,consomme-punch,1
216,IMG_9315.jpg,consomme-punch,1
217,IMG_9455.jpg,consomme-punch,1
218,IMG_9347.jpg,consomme-punch,1
219,IMG_9327.jpg,consomme-punch,1
220,IMG_9329.jpg,consomme-punch,1
221,IMG_9250.jpg,consomme-punch,1
222,IMG_9389.jpg,consomme-punch,1
223,IMG_9288.jpg,consomme-punch,1
224,IMG_9303.jpg,consomme-punch,1
225,IMG_9281.jpg,consomme-punch,1
226,IMG_9328.jpg,consomme-punch,1
227,IMG_9244.jpg,consomme-punch,1
228,IMG_9260.jpg,consomme-punch,1
229,IMG_9379.jpg,consomme-punch,1
230,IMG_9370.jpg,consomme-punch,1
231,IMG_9355.jpg,consomme-punch,1
232,IMG_9323.jpg,consomme-punch,1
233,IMG_9301.jpg,consomme-punch,1
234,IMG_9290.jpg,consomme-punch,1
235,IMG_9422.jpg,consomme-punch,1
236,IMG_9285.jpg,consomme-punch,1
237,IMG_9445.jpg,consomme-punch,1
238,IMG_9461.jpg,consomme-punch,1
239,IMG_9394.jpg,consomme-punch,1
240,IMG_9311.jpg,consomme-punch,1
241,IMG_9331.jpg,consomme-punch,1
242,IMG_9344.jpg,consomme-punch,1
243,IMG_9391.jpg,consomme-punch,1
244,IMG_9366.jpg,consomme-punch,1
245,IMG_9307.jpg,consomme-punch,1
246,IMG_9297.jpg,consomme-punch,1
247,IMG_9263.jpg,consomme-punch,1
248,IMG_9278.jpg,consomme-punch,1
249,IMG_9424.jpg,consomme-punch,1
250,IMG_9242.jpg,consomme-punch,1
251,IMG_9460.jpg,consomme-punch,1
252,IMG_9376.jpg,consomme-punch,1
253,IMG_9454.jpg,consomme-punch,1
254,IMG_9401.jpg,consomme-punch,1
255,IMG_9463.jpg,consomme-punch,1
256,IMG_9251.jpg,consomme-punch,1
257,IMG_9417.jpg,consomme-punch,1
258,IMG_9414.jpg,consomme-punch,1
259,IMG_9348.jpg,consomme-punch,1
260,IMG_9352.jpg,consomme-punch,1
261,IMG_9368.jpg,consomme-punch,1
262,IMG_9292.jpg,consomme-punch,1
263,IMG_9385.jpg,consomme-punch,1
264,IMG_9273.jpg,consomme-punch,1
265,IMG_9420.jpg,consomme-punch,1
266,IMG_9261.jpg,consomme-punch,1
267,IMG_9306.jpg,consomme-punch,1
268,IMG_9299.jpg,consomme-punch,1
269,IMG_9438.jpg,consomme-punch,1
270,IMG_9275.jpg,consomme-punch,1
271,IMG_9341.jpg,consomme-punch,1
272,IMG_9343.jpg,consomme-punch,1
273,IMG_9457.jpg,consomme-punch,1
274,IMG_9378.jpg,consomme-punch,1
275,IMG_9388.jpg,consomme-punch,1
276,IMG_9371.jpg,consomme-punch,1
277,IMG_9447.jpg,consomme-punch,1
278,IMG_9326.jpg,consomme-punch,1
279,IMG_9291.jpg,consomme-punch,1
280,IMG_9405.jpg,consomme-punch,1
281,IMG_9256.jpg,consomme-punch,1
282,IMG_9293.jpg,consomme-punch,1
283,IMG_9409.jpg,consomme-punch,1
284,IMG_9249.jpg,consomme-punch,1
285,IMG_9268.jpg,consomme-punch,1
286,IMG_9367.jpg,consomme-punch,1
287,IMG_9253.jpg,consomme-punch,1
288,IMG_9449.jpg,consomme-punch,1
289,IMG_9442.jpg,consomme-punch,1
290,IMG_9404.jpg,consomme-punch,1
291,IMG_9276.jpg,consomme-punch,1
292,IMG_9407.jpg,consomme-punch,1
293,IMG_9444.jpg,consomme-punch,1
294,IMG_9464.jpg,consomme-punch,1
295,IMG_9427.jpg,consomme-punch,1
296,IMG_9305.jpg,consomme-punch,1
297,IMG_9359.jpg,consomme-punch,1
298,IMG_9332.jpg,consomme-punch,1
299,IMG_9462.jpg,consomme-punch,1
300,IMG_9448.jpg,consomme-punch,1
301,IMG_9338.jpg,consomme-punch,1
302,IMG_9259.jpg,consomme-punch,1
303,IMG_9436.jpg,consomme-punch,1
304,IMG_9318.jpg,consomme-punch,1
305,IMG_9365.jpg,consomme-punch,1
306,IMG_9237.jpg,consomme-punch,1
307,IMG_9443.jpg,consomme-punch,1
308,IMG_9469.jpg,consomme-punch,1
309,IMG_9364.jpg,consomme-punch,1
310,IMG_9453.jpg,consomme-punch,1
311,IMG_9375.jpg,consomme-punch,1
312,IMG_9339.jpg,consomme-punch,1
313,IMG_9286.jpg,consomme-punch,1
314,IMG_9336.jpg,consomme-punch,1
315,IMG_9245.jpg,consomme-punch,1
316,IMG_9255.jpg,consomme-punch,1
317,IMG_9415.jpg,consomme-punch,1
318,IMG_9252.jpg,consomme-punch,1
319,IMG_9459.jpg,consomme-punch,1
320,IMG_9241.jpg,consomme-punch,1
321,IMG_9416.jpg,consomme-punch,1
322,IMG_9342.jpg,consomme-punch,1
323,IMG_9426.jpg,consomme-punch,1
324,IMG_9452.jpg,consomme-punch,1
325,IMG_9289.jpg,consomme-punch,1
326,IMG_9428.jpg,consomme-punch,1
327,IMG_9246.jpg,consomme-punch,1
328,IMG_9361.jpg,consomme-punch,1
329,IMG_9308.jpg,consomme-punch,1
330,IMG_9351.jpg,consomme-punch,1
331,IMG_9330.jpg,consomme-punch,1
332,IMG_9266.jpg,consomme-punch,1
333,IMG_9334.jpg,consomme-punch,1
334,IMG_9456.jpg,consomme-punch,1
335,IMG_9413.jpg,consomme-punch,1
336,IMG_9356.jpg,consomme-punch,1
337,IMG_9302.jpg,consomme-punch,1
338,IMG_9280.jpg,consomme-punch,1
339,IMG_9372.jpg,consomme-punch,1
340,IMG_9384.jpg,consomme-punch,1
341,IMG_9248.jpg,consomme-punch,1
342,IMG_9340.jpg,consomme-punch,1
343,IMG_9390.jpg,consomme-punch,1
344,IMG_9383.jpg,consomme-punch,1
345,IMG_9287.jpg,consomme-punch,1
346,IMG_9272.jpg,consomme-punch,1
347,IMG_9282.jpg,consomme-punch,1
348,IMG_9468.jpg,consomme-punch,1
349,IMG_9373.jpg,consomme-punch,1
350,IMG_9435.jpg,consomme-punch,1
351,IMG_9345.jpg,consomme-punch,1
352,IMG_9300.jpg,consomme-punch,1
353,IMG_9349.jpg,consomme-punch,1
354,IMG_9333.jpg,consomme-punch,1
355,IMG_9254.jpg,consomme-punch,1
356,IMG_9317.jpg,consomme-punch,1
357,IMG_9353.jpg,consomme-punch,1
358,IMG_9419.jpg,consomme-punch,1
359,IMG_9450.jpg,consomme-punch,1
360,IMG_9239.jpg,consomme-punch,1
361,IMG_9277.jpg,consomme-punch,1
362,IMG_9298.jpg,consomme-punch,1
363,IMG_9402.jpg,consomme-punch,1
364,IMG_9395.jpg,consomme-punch,1
365,IMG_9270.jpg,consomme-punch,1
366,IMG_9238.jpg,consomme-punch,1
367,IMG_9354.jpg,consomme-punch,1
368,IMG_9265.jpg,consomme-punch,1
369,IMG_9392.jpg,consomme-punch,1
370,IMG_9382.jpg,consomme-punch,1
371,IMG_9458.jpg,consomme-punch,1
372,IMG_9257.jpg,consomme-punch,1
373,IMG_9243.jpg,consomme-punch,1
374,IMG_9399.jpg,consomme-punch,1
375,IMG_9274.jpg,consomme-punch,1
376,IMG_9451.jpg,consomme-punch,1
377,IMG_9324.jpg,consomme-punch,1
378,IMG_9363.jpg,consomme-punch,1
379,IMG_9441.jpg,consomme-punch,1
380,IMG_9357.jpg,consomme-punch,1
381,IMG_9369.jpg,consomme-punch,1
382,IMG_9337.jpg,consomme-punch,1
383,IMG_9319.jpg,consomme-punch,1
384,IMG_9433.jpg,consomme-punch,1
385,IMG_9432.jpg,consomme-punch,1
386,IMG_9346.jpg,consomme-punch,1
387,IMG_9429.jpg,consomme-punch,1
388,IMG_9437.jpg,consomme-punch,1
389,IMG_9362.jpg,consomme-punch,1
390,IMG_9377.jpg,consomme-punch,1
391,IMG_9236.jpg,consomme-punch,1
392,IMG_9386.jpg,consomme-punch,1
393,IMG_9247.jpg,consomme-punch,1
394,IMG_9269.jpg,consomme-punch,1
395,IMG_9294.jpg,consomme-punch,1
396,IMG_9408.jpg,consomme-punch,1
397,IMG_9380.jpg,consomme-punch,1
398,IMG_9312.jpg,consomme-punch,1
399,IMG_9350.jpg,consomme-punch,1
400,IMG_9440.jpg,consomme-punch,1
401,IMG_9430.jpg,consomme-punch,1
402,IMG_9271.jpg,consomme-punch,1
403,IMG_9295.jpg,consomme-punch,1
404,IMG_9313.jpg,consomme-punch,1
405,IMG_9316.jpg,consomme-punch,1
406,IMG_9264.jpg,consomme-punch,1
407,IMG_9403.jpg,consomme-punch,1
408,IMG_9434.jpg,consomme-punch,1
409,IMG_9358.jpg,consomme-punch,1
410,IMG_9411.jpg,consomme-punch,1
411,IMG_9267.jpg,consomme-punch,1
412,IMG_9335.jpg,consomme-punch,1
413,IMG_9258.jpg,consomme-punch,1
414,IMG_9418.jpg,consomme-punch,1
415,IMG_9421.jpg,consomme-punch,1
416,IMG_9400.jpg,consomme-punch,1
417,IMG_9304.jpg,consomme-punch,1
418,IMG_9296.jpg,consomme-punch,1
419,IMG_9412.jpg,consomme-punch,1
420,IMG_9465.jpg,consomme-punch,1
421,IMG_9320.jpg,consomme-punch,1
422,IMG_9423.jpg,consomme-punch,1
423,IMG_9309.jpg,consomme-punch,1
424,IMG_9325.jpg,consomme-punch,1
425,IMG_9410.jpg,consomme-punch,1
426,IMG_9387.jpg,consomme-punch,1
427,IMG_9446.jpg,consomme-punch,1
428,IMG_9466.jpg,consomme-punch,1
429,IMG_9381.jpg,consomme-punch,1
430,IMG_9279.jpg,consomme-punch,1
431,IMG_9240.jpg,consomme-punch,1
432,IMG_9439.jpg,consomme-punch,1
433,IMG_9262.jpg,consomme-punch,1
434,IMG_9283.jpg,consomme-punch,1
435,IMG_9374.jpg,consomme-punch,1
436,IMG_9322.jpg,consomme-punch,1
437,IMG_9314.jpg,consomme-punch,1
438,IMG_9431.jpg,consomme-punch,1
439,IMG_9508.jpg,norishio,2
440,IMG_9627.jpg,norishio,2
441,IMG_9719.jpg,norishio,2
442,IMG_9677.jpg,norishio,2
443,IMG_9534.jpg,norishio,2
444,IMG_9669.jpg,norishio,2
445,IMG_9699.jpg,norishio,2
446,IMG_9609.jpg,norishio,2
447,IMG_9526.jpg,norishio,2
448,IMG_9601.jpg,norishio,2
449,IMG_9507.jpg,norishio,2
450,IMG_9660.jpg,norishio,2
451,IMG_9689.jpg,norishio,2
452,IMG_9599.jpg,norishio,2
453,IMG_9510.jpg,norishio,2
454,IMG_9485.jpg,norishio,2
455,IMG_9603.jpg,norishio,2
456,IMG_9655.jpg,norishio,2
457,IMG_9685.jpg,norishio,2
458,IMG_9585.jpg,norishio,2
459,IMG_9598.jpg,norishio,2
460,IMG_9487.jpg,norishio,2
461,IMG_9703.jpg,norishio,2
462,IMG_9555.jpg,norishio,2
463,IMG_9499.jpg,norishio,2
464,IMG_9709.jpg,norishio,2
465,IMG_9694.jpg,norishio,2
466,IMG_9539.jpg,norishio,2
467,IMG_9713.jpg,norishio,2
468,IMG_9618.jpg,norishio,2
469,IMG_9623.jpg,norishio,2
470,IMG_9572.jpg,norishio,2
471,IMG_9654.jpg,norishio,2
472,IMG_9691.jpg,norishio,2
473,IMG_9505.jpg,norishio,2
474,IMG_9472.jpg,norishio,2
475,IMG_9528.jpg,norishio,2
476,IMG_9635.jpg,norishio,2
477,IMG_9568.jpg,norishio,2
478,IMG_9600.jpg,norishio,2
479,IMG_9515.jpg,norishio,2
480,IMG_9474.jpg,norishio,2
481,IMG_9565.jpg,norishio,2
482,IMG_9562.jpg,norishio,2
483,IMG_9549.jpg,norishio,2
484,IMG_9480.jpg,norishio,2
485,IMG_9478.jpg,norishio,2
486,IMG_9676.jpg,norishio,2
487,IMG_9662.jpg,norishio,2
488,IMG_9575.jpg,norishio,2
489,IMG_9617.jpg,norishio,2
490,IMG_9670.jpg,norishio,2
491,IMG_9533.jpg,norishio,2
492,IMG_9636.jpg,norishio,2
493,IMG_9484.jpg,norishio,2
494,IMG_9619.jpg,norishio,2
495,IMG_9570.jpg,norishio,2
496,IMG_9491.jpg,norishio,2
497,IMG_9628.jpg,norishio,2
498,IMG_9540.jpg,norishio,2
499,IMG_9683.jpg,norishio,2
500,IMG_9639.jpg,norishio,2
501,IMG_9664.jpg,norishio,2
502,IMG_9551.jpg,norishio,2
503,IMG_9479.jpg,norishio,2
504,IMG_9663.jpg,norishio,2
505,IMG_9648.jpg,norishio,2
506,IMG_9477.jpg,norishio,2
507,IMG_9668.jpg,norishio,2
508,IMG_9700.jpg,norishio,2
509,IMG_9564.jpg,norishio,2
510,IMG_9715.jpg,norishio,2
511,IMG_9624.jpg,norishio,2
512,IMG_9638.jpg,norishio,2
513,IMG_9675.jpg,norishio,2
514,IMG_9616.jpg,norishio,2
515,IMG_9656.jpg,norishio,2
516,IMG_9630.jpg,norishio,2
517,IMG_9493.jpg,norishio,2
518,IMG_9711.jpg,norishio,2
519,IMG_9482.jpg,norishio,2
520,IMG_9701.jpg,norishio,2
521,IMG_9605.jpg,norishio,2
522,IMG_9672.jpg,norishio,2
523,IMG_9652.jpg,norishio,2
524,IMG_9536.jpg,norishio,2
525,IMG_9550.jpg,norishio,2
526,IMG_9640.jpg,norishio,2
527,IMG_9712.jpg,norishio,2
528,IMG_9620.jpg,norishio,2
529,IMG_9532.jpg,norishio,2
530,IMG_9631.jpg,norishio,2
531,IMG_9702.jpg,norishio,2
532,IMG_9579.jpg,norishio,2
533,IMG_9511.jpg,norishio,2
534,IMG_9554.jpg,norishio,2
535,IMG_9541.jpg,norishio,2
536,IMG_9512.jpg,norishio,2
537,IMG_9667.jpg,norishio,2
538,IMG_9578.jpg,norishio,2
539,IMG_9589.jpg,norishio,2
540,IMG_9567.jpg,norishio,2
541,IMG_9563.jpg,norishio,2
542,IMG_9577.jpg,norishio,2
543,IMG_9613.jpg,norishio,2
544,IMG_9496.jpg,norishio,2
545,IMG_9520.jpg,norishio,2
546,IMG_9530.jpg,norishio,2
547,IMG_9502.jpg,norishio,2
548,IMG_9710.jpg,norishio,2
549,IMG_9535.jpg,norishio,2
550,IMG_9671.jpg,norishio,2
551,IMG_9606.jpg,norishio,2
552,IMG_9513.jpg,norishio,2
553,IMG_9666.jpg,norishio,2
554,IMG_9573.jpg,norishio,2
555,IMG_9473.jpg,norishio,2
556,IMG_9509.jpg,norishio,2
557,IMG_9591.jpg,norishio,2
558,IMG_9692.jpg,norishio,2
559,IMG_9708.jpg,norishio,2
560,IMG_9494.jpg,norishio,2
561,IMG_9642.jpg,norishio,2
562,IMG_9559.jpg,norishio,2
563,IMG_9607.jpg,norishio,2
564,IMG_9686.jpg,norishio,2
565,IMG_9681.jpg,norishio,2
566,IMG_9650.jpg,norishio,2
567,IMG_9529.jpg,norishio,2
568,IMG_9527.jpg,norishio,2
569,IMG_9576.jpg,norishio,2
570,IMG_9658.jpg,norishio,2
571,IMG_9645.jpg,norishio,2
572,IMG_9637.jpg,norishio,2
573,IMG_9720.jpg,norishio,2
574,IMG_9553.jpg,norishio,2
575,IMG_9597.jpg,norishio,2
576,IMG_9544.jpg,norishio,2
577,IMG_9566.jpg,norishio,2
578,IMG_9716.jpg,norishio,2
579,IMG_9687.jpg,norishio,2
580,IMG_9470.jpg,norishio,2
581,IMG_9698.jpg,norishio,2
582,IMG_9545.jpg,norishio,2
583,IMG_9586.jpg,norishio,2
584,IMG_9629.jpg,norishio,2
585,IMG_9580.jpg,norishio,2
586,IMG_9696.jpg,norishio,2
587,IMG_9643.jpg,norishio,2
588,IMG_9595.jpg,norishio,2
589,IMG_9476.jpg,norishio,2
590,IMG_9612.jpg,norishio,2
591,IMG_9548.jpg,norishio,2
592,IMG_9657.jpg,norishio,2
593,IMG_9542.jpg,norishio,2
594,IMG_9514.jpg,norishio,2
595,IMG_9523.jpg,norishio,2
596,IMG_9486.jpg,norishio,2
597,IMG_9558.jpg,norishio,2
598,IMG_9584.jpg,norishio,2
599,IMG_9649.jpg,norishio,2
600,IMG_9644.jpg,norishio,2
601,IMG_9583.jpg,norishio,2
602,IMG_9688.jpg,norishio,2
603,IMG_9560.jpg,norishio,2
604,IMG_9653.jpg,norishio,2
605,IMG_9680.jpg,norishio,2
606,IMG_9531.jpg,norishio,2
607,IMG_9693.jpg,norishio,2
608,IMG_9501.jpg,norishio,2
609,IMG_9590.jpg,norishio,2
610,IMG_9581.jpg,norishio,2
611,IMG_9524.jpg,norishio,2
612,IMG_9651.jpg,norishio,2
613,IMG_9641.jpg,norishio,2
614,IMG_9714.jpg,norishio,2
615,IMG_9690.jpg,norishio,2
616,IMG_9489.jpg,norishio,2
617,IMG_9622.jpg,norishio,2
618,IMG_9556.jpg,norishio,2
619,IMG_9718.jpg,norishio,2
620,IMG_9633.jpg,norishio,2
621,IMG_9721.jpg,norishio,2
622,IMG_9679.jpg,norishio,2
623,IMG_9546.jpg,norishio,2
624,IMG_9594.jpg,norishio,2
625,IMG_9552.jpg,norishio,2
626,IMG_9503.jpg,norishio,2
627,IMG_9596.jpg,norishio,2
628,IMG_9543.jpg,norishio,2
629,IMG_9490.jpg,norishio,2
630,IMG_9625.jpg,norishio,2
631,IMG_9682.jpg,norishio,2
632,IMG_9634.jpg,norishio,2
633,IMG_9717.jpg,norishio,2
634,IMG_9705.jpg,norishio,2
635,IMG_9621.jpg,norishio,2
636,IMG_9582.jpg,norishio,2
637,IMG_9471.jpg,norishio,2
638,IMG_9561.jpg,norishio,2
639,IMG_9475.jpg,norishio,2
640,IMG_9706.jpg,norishio,2
641,IMG_9516.jpg,norishio,2
642,IMG_9684.jpg,norishio,2
643,IMG_9674.jpg,norishio,2
644,IMG_9602.jpg,norishio,2
645,IMG_9481.jpg,norishio,2
646,IMG_9497.jpg,norishio,2
647,IMG_9518.jpg,norishio,2
648,IMG_9697.jpg,norishio,2
649,IMG_9665.jpg,norishio,2
650,IMG_9483.jpg,norishio,2
651,IMG_9608.jpg,norishio,2
652,IMG_9611.jpg,norishio,2
653,IMG_9587.jpg,norishio,2
654,IMG_9538.jpg,norishio,2
655,IMG_9569.jpg,norishio,2
656,IMG_9506.jpg,norishio,2
657,IMG_9626.jpg,norishio,2
658,IMG_9571.jpg,norishio,2
659,IMG_9659.jpg,norishio,2
660,IMG_9673.jpg,norishio,2
661,IMG_9557.jpg,norishio,2
662,IMG_9525.jpg,norishio,2
663,IMG_9647.jpg,norishio,2
664,IMG_9704.jpg,norishio,2
665,IMG_9495.jpg,norishio,2
666,IMG_9488.jpg,norishio,2
667,IMG_9500.jpg,norishio,2
668,IMG_9592.jpg,norishio,2
669,IMG_9610.jpg,norishio,2
670,IMG_9646.jpg,norishio,2
671,IMG_9678.jpg,norishio,2
672,IMG_9504.jpg,norishio,2
673,IMG_9588.jpg,norishio,2
674,IMG_9614.jpg,norishio,2
675,IMG_9522.jpg,norishio,2
676,IMG_9632.jpg,norishio,2
677,IMG_9604.jpg,norishio,2
678,IMG_9574.jpg,norishio,2
679,IMG_9498.jpg,norishio,2
680,IMG_9695.jpg,norishio,2
681,IMG_9492.jpg,norishio,2
682,IMG_9547.jpg,norishio,2
683,IMG_9661.jpg,norishio,2
684,IMG_9517.jpg,norishio,2
685,IMG_9615.jpg,norishio,2
686,IMG_9519.jpg,norishio,2
687,IMG_9521.jpg,norishio,2
688,IMG_9537.jpg,norishio,2
689,IMG_9707.jpg,norishio,2
690,IMG_8635.jpg,shoyu-mayo,3
691,IMG_8595.jpg,shoyu-mayo,3
692,IMG_8751.jpg,shoyu-mayo,3
693,IMG_8578.jpg,shoyu-mayo,3
694,IMG_8669.jpg,shoyu-mayo,3
695,IMG_8691.jpg,shoyu-mayo,3
696,IMG_8755.jpg,shoyu-mayo,3
697,IMG_8576.jpg,shoyu-mayo,3
698,IMG_8682.jpg,shoyu-mayo,3
699,IMG_8652.jpg,shoyu-mayo,3
700,IMG_8644.jpg,shoyu-mayo,3
701,IMG_8695.jpg,shoyu-mayo,3
702,IMG_8685.jpg,shoyu-mayo,3
703,IMG_8604.jpg,shoyu-mayo,3
704,IMG_8747.jpg,shoyu-mayo,3
705,IMG_8658.jpg,shoyu-mayo,3
706,IMG_8698.jpg,shoyu-mayo,3
707,IMG_8768.jpg,shoyu-mayo,3
708,IMG_8670.jpg,shoyu-mayo,3
709,IMG_8575.jpg,shoyu-mayo,3
710,IMG_8776.jpg,shoyu-mayo,3
711,IMG_8563.jpg,shoyu-mayo,3
712,IMG_8573.jpg,shoyu-mayo,3
713,IMG_8752.jpg,shoyu-mayo,3
714,IMG_8668.jpg,shoyu-mayo,3
715,IMG_8638.jpg,shoyu-mayo,3
716,IMG_8571.jpg,shoyu-mayo,3
717,IMG_8770.jpg,shoyu-mayo,3
718,IMG_8611.jpg,shoyu-mayo,3
719,IMG_8585.jpg,shoyu-mayo,3
720,IMG_8686.jpg,shoyu-mayo,3
721,IMG_8681.jpg,shoyu-mayo,3
722,IMG_8663.jpg,shoyu-mayo,3
723,IMG_8744.jpg,shoyu-mayo,3
724,IMG_8596.jpg,shoyu-mayo,3
725,IMG_8753.jpg,shoyu-mayo,3
726,IMG_8625.jpg,shoyu-mayo,3
727,IMG_8725.jpg,shoyu-mayo,3
728,IMG_8588.jpg,shoyu-mayo,3
729,IMG_8736.jpg,shoyu-mayo,3
730,IMG_8689.jpg,shoyu-mayo,3
731,IMG_8767.jpg,shoyu-mayo,3
732,IMG_8637.jpg,shoyu-mayo,3
733,IMG_8702.jpg,shoyu-mayo,3
734,IMG_8707.jpg,shoyu-mayo,3
735,IMG_8623.jpg,shoyu-mayo,3
736,IMG_8771.jpg,shoyu-mayo,3
737,IMG_8737.jpg,shoyu-mayo,3
738,IMG_8568.jpg,shoyu-mayo,3
739,IMG_8738.jpg,shoyu-mayo,3
740,IMG_8723.jpg,shoyu-mayo,3
741,IMG_8754.jpg,shoyu-mayo,3
742,IMG_8613.jpg,shoyu-mayo,3
743,IMG_8684.jpg,shoyu-mayo,3
744,IMG_8624.jpg,shoyu-mayo,3
745,IMG_8634.jpg,shoyu-mayo,3
746,IMG_8741.jpg,shoyu-mayo,3
747,IMG_8677.jpg,shoyu-mayo,3
748,IMG_8733.jpg,shoyu-mayo,3
749,IMG_8567.jpg,shoyu-mayo,3
750,IMG_8648.jpg,shoyu-mayo,3
751,IMG_8694.jpg,shoyu-mayo,3
752,IMG_8649.jpg,shoyu-mayo,3
753,IMG_8640.jpg,shoyu-mayo,3
754,IMG_8703.jpg,shoyu-mayo,3
755,IMG_8742.jpg,shoyu-mayo,3
756,IMG_8763.jpg,shoyu-mayo,3
757,IMG_8592.jpg,shoyu-mayo,3
758,IMG_8581.jpg,shoyu-mayo,3
759,IMG_8748.jpg,shoyu-mayo,3
760,IMG_8599.jpg,shoyu-mayo,3
761,IMG_8572.jpg,shoyu-mayo,3
762,IMG_8627.jpg,shoyu-mayo,3
763,IMG_8690.jpg,shoyu-mayo,3
764,IMG_8612.jpg,shoyu-mayo,3
765,IMG_8773.jpg,shoyu-mayo,3
766,IMG_8697.jpg,shoyu-mayo,3
767,IMG_8653.jpg,shoyu-mayo,3
768,IMG_8734.jpg,shoyu-mayo,3
769,IMG_8651.jpg,shoyu-mayo,3
770,IMG_8740.jpg,shoyu-mayo,3
771,IMG_8565.jpg,shoyu-mayo,3
772,IMG_8696.jpg,shoyu-mayo,3
773,IMG_8683.jpg,shoyu-mayo,3
774,IMG_8619.jpg,shoyu-mayo,3
775,IMG_8583.jpg,shoyu-mayo,3
776,IMG_8674.jpg,shoyu-mayo,3
777,IMG_8714.jpg,shoyu-mayo,3
778,IMG_8660.jpg,shoyu-mayo,3
779,IMG_8661.jpg,shoyu-mayo,3
780,IMG_8699.jpg,shoyu-mayo,3
781,IMG_8584.jpg,shoyu-mayo,3
782,IMG_8717.jpg,shoyu-mayo,3
783,IMG_8600.jpg,shoyu-mayo,3
784,IMG_8764.jpg,shoyu-mayo,3
785,IMG_8636.jpg,shoyu-mayo,3
786,IMG_8590.jpg,shoyu-mayo,3
787,IMG_8642.jpg,shoyu-mayo,3
788,IMG_8633.jpg,shoyu-mayo,3
789,IMG_8620.jpg,shoyu-mayo,3
790,IMG_8621.jpg,shoyu-mayo,3
791,IMG_8711.jpg,shoyu-mayo,3
792,IMG_8655.jpg,shoyu-mayo,3
793,IMG_8678.jpg,shoyu-mayo,3
794,IMG_8730.jpg,shoyu-mayo,3
795,IMG_8586.jpg,shoyu-mayo,3
796,IMG_8718.jpg,shoyu-mayo,3
797,IMG_8758.jpg,shoyu-mayo,3
798,IMG_8769.jpg,shoyu-mayo,3
799,IMG_8666.jpg,shoyu-mayo,3
800,IMG_8580.jpg,shoyu-mayo,3
801,IMG_8577.jpg,shoyu-mayo,3
802,IMG_8712.jpg,shoyu-mayo,3
803,IMG_8722.jpg,shoyu-mayo,3
804,IMG_8607.jpg,shoyu-mayo,3
805,IMG_8727.jpg,shoyu-mayo,3
806,IMG_8667.jpg,shoyu-mayo,3
807,IMG_8617.jpg,shoyu-mayo,3
808,IMG_8629.jpg,shoyu-mayo,3
809,IMG_8729.jpg,shoyu-mayo,3
810,IMG_8647.jpg,shoyu-mayo,3
811,IMG_8759.jpg,shoyu-mayo,3
812,IMG_8601.jpg,shoyu-mayo,3
813,IMG_8606.jpg,shoyu-mayo,3
814,IMG_8721.jpg,shoyu-mayo,3
815,IMG_8724.jpg,shoyu-mayo,3
816,IMG_8762.jpg,shoyu-mayo,3
817,IMG_8615.jpg,shoyu-mayo,3
818,IMG_8566.jpg,shoyu-mayo,3
819,IMG_8657.jpg,shoyu-mayo,3
820,IMG_8591.jpg,shoyu-mayo,3
821,IMG_8745.jpg,shoyu-mayo,3
822,IMG_8603.jpg,shoyu-mayo,3
823,IMG_8739.jpg,shoyu-mayo,3
824,IMG_8720.jpg,shoyu-mayo,3
825,IMG_8700.jpg,shoyu-mayo,3
826,IMG_8713.jpg,shoyu-mayo,3
827,IMG_8772.jpg,shoyu-mayo,3
828,IMG_8673.jpg,shoyu-mayo,3
829,IMG_8610.jpg,shoyu-mayo,3
830,IMG_8616.jpg,shoyu-mayo,3
831,IMG_8626.jpg,shoyu-mayo,3
832,IMG_8704.jpg,shoyu-mayo,3
833,IMG_8708.jpg,shoyu-mayo,3
834,IMG_8664.jpg,shoyu-mayo,3
835,IMG_8687.jpg,shoyu-mayo,3
836,IMG_8719.jpg,shoyu-mayo,3
837,IMG_8766.jpg,shoyu-mayo,3
838,IMG_8569.jpg,shoyu-mayo,3
839,IMG_8732.jpg,shoyu-mayo,3
840,IMG_8609.jpg,shoyu-mayo,3
841,IMG_8574.jpg,shoyu-mayo,3
842,IMG_8688.jpg,shoyu-mayo,3
843,IMG_8645.jpg,shoyu-mayo,3
844,IMG_8709.jpg,shoyu-mayo,3
845,IMG_8587.jpg,shoyu-mayo,3
846,IMG_8614.jpg,shoyu-mayo,3
847,IMG_8602.jpg,shoyu-mayo,3
848,IMG_8778.jpg,shoyu-mayo,3
849,IMG_8716.jpg,shoyu-mayo,3
850,IMG_8630.jpg,shoyu-mayo,3
851,IMG_8605.jpg,shoyu-mayo,3
852,IMG_8731.jpg,shoyu-mayo,3
853,IMG_8726.jpg,shoyu-mayo,3
854,IMG_8749.jpg,shoyu-mayo,3
855,IMG_8618.jpg,shoyu-mayo,3
856,IMG_8631.jpg,shoyu-mayo,3
857,IMG_8735.jpg,shoyu-mayo,3
858,IMG_8672.jpg,shoyu-mayo,3
859,IMG_8675.jpg,shoyu-mayo,3
860,IMG_8659.jpg,shoyu-mayo,3
861,IMG_8646.jpg,shoyu-mayo,3
862,IMG_8665.jpg,shoyu-mayo,3
863,IMG_8775.jpg,shoyu-mayo,3
864,IMG_8628.jpg,shoyu-mayo,3
865,IMG_8594.jpg,shoyu-mayo,3
866,IMG_8706.jpg,shoyu-mayo,3
867,IMG_8692.jpg,shoyu-mayo,3
868,IMG_8710.jpg,shoyu-mayo,3
869,IMG_8777.jpg,shoyu-mayo,3
870,IMG_8765.jpg,shoyu-mayo,3
871,IMG_8676.jpg,shoyu-mayo,3
872,IMG_8597.jpg,shoyu-mayo,3
873,IMG_8650.jpg,shoyu-mayo,3
874,IMG_8728.jpg,shoyu-mayo,3
875,IMG_8593.jpg,shoyu-mayo,3
876,IMG_8662.jpg,shoyu-mayo,3
877,IMG_8570.jpg,shoyu-mayo,3
878,IMG_8743.jpg,shoyu-mayo,3
879,IMG_8679.jpg,shoyu-mayo,3
880,IMG_8701.jpg,shoyu-mayo,3
881,IMG_8746.jpg,shoyu-mayo,3
882,IMG_8598.jpg,shoyu-mayo,3
883,IMG_8760.jpg,shoyu-mayo,3
884,IMG_8757.jpg,shoyu-mayo,3
885,IMG_8608.jpg,shoyu-mayo,3
886,IMG_8671.jpg,shoyu-mayo,3
887,IMG_8622.jpg,shoyu-mayo,3
888,IMG_8654.jpg,shoyu-mayo,3
889,IMG_8639.jpg,shoyu-mayo,3
890,IMG_8779.jpg,shoyu-mayo,3
891,IMG_8680.jpg,shoyu-mayo,3
892,IMG_8705.jpg,shoyu-mayo,3
893,IMG_8643.jpg,shoyu-mayo,3
894,IMG_8656.jpg,shoyu-mayo,3
895,IMG_8564.jpg,shoyu-mayo,3
896,IMG_8761.jpg,shoyu-mayo,3
897,IMG_8589.jpg,shoyu-mayo,3
898,IMG_8693.jpg,shoyu-mayo,3
899,IMG_8582.jpg,shoyu-mayo,3
900,IMG_8579.jpg,shoyu-mayo,3
901,IMG_8641.jpg,shoyu-mayo,3
902,IMG_8632.jpg,shoyu-mayo,3
903,IMG_8774.jpg,shoyu-mayo,3
904,IMG_8756.jpg,shoyu-mayo,3
905,IMG_8750.jpg,shoyu-mayo,3
906,IMG_8715.jpg,shoyu-mayo,3
907,IMG_8918.jpg,norishio-punch,4
908,IMG_8996.jpg,norishio-punch,4
909,IMG_8887.jpg,norishio-punch,4
910,IMG_8810.jpg,norishio-punch,4
911,IMG_8838.jpg,norishio-punch,4
912,IMG_8859.jpg,norishio-punch,4
913,IMG_8963.jpg,norishio-punch,4
914,IMG_8950.jpg,norishio-punch,4
915,IMG_8899.jpg,norishio-punch,4
916,IMG_8790.jpg,norishio-punch,4
917,IMG_8848.jpg,norishio-punch,4
918,IMG_8896.jpg,norishio-punch,4
919,IMG_8960.jpg,norishio-punch,4
920,IMG_8841.jpg,norishio-punch,4
921,IMG_8968.jpg,norishio-punch,4
922,IMG_8911.jpg,norishio-punch,4
923,IMG_8945.jpg,norishio-punch,4
924,IMG_8986.jpg,norishio-punch,4
925,IMG_8857.jpg,norishio-punch,4
926,IMG_8855.jpg,norishio-punch,4
927,IMG_8991.jpg,norishio-punch,4
928,IMG_8981.jpg,norishio-punch,4
929,IMG_8885.jpg,norishio-punch,4
930,IMG_8874.jpg,norishio-punch,4
931,IMG_8832.jpg,norishio-punch,4
932,IMG_8997.jpg,norishio-punch,4
933,IMG_8839.jpg,norishio-punch,4
934,IMG_8781.jpg,norishio-punch,4
935,IMG_8862.jpg,norishio-punch,4
936,IMG_8951.jpg,norishio-punch,4
937,IMG_8850.jpg,norishio-punch,4
938,IMG_8791.jpg,norishio-punch,4
939,IMG_8978.jpg,norishio-punch,4
940,IMG_8989.jpg,norishio-punch,4
941,IMG_8814.jpg,norishio-punch,4
942,IMG_8998.jpg,norishio-punch,4
943,IMG_8813.jpg,norishio-punch,4
944,IMG_8870.jpg,norishio-punch,4
945,IMG_8961.jpg,norishio-punch,4
946,IMG_8983.jpg,norishio-punch,4
947,IMG_8875.jpg,norishio-punch,4
948,IMG_8891.jpg,norishio-punch,4
949,IMG_8962.jpg,norishio-punch,4
950,IMG_8808.jpg,norishio-punch,4
951,IMG_8982.jpg,norishio-punch,4
952,IMG_8920.jpg,norishio-punch,4
953,IMG_8792.jpg,norishio-punch,4
954,IMG_8914.jpg,norishio-punch,4
955,IMG_8844.jpg,norishio-punch,4
956,IMG_8923.jpg,norishio-punch,4
957,IMG_8878.jpg,norishio-punch,4
958,IMG_8994.jpg,norishio-punch,4
959,IMG_8815.jpg,norishio-punch,4
960,IMG_8906.jpg,norishio-punch,4
961,IMG_8932.jpg,norishio-punch,4
962,IMG_8863.jpg,norishio-punch,4
963,IMG_8912.jpg,norishio-punch,4
964,IMG_8836.jpg,norishio-punch,4
965,IMG_8876.jpg,norishio-punch,4
966,IMG_8831.jpg,norishio-punch,4
967,IMG_8825.jpg,norishio-punch,4
968,IMG_8959.jpg,norishio-punch,4
969,IMG_8971.jpg,norishio-punch,4
970,IMG_8788.jpg,norishio-punch,4
971,IMG_8980.jpg,norishio-punch,4
972,IMG_8888.jpg,norishio-punch,4
973,IMG_8840.jpg,norishio-punch,4
974,IMG_8908.jpg,norishio-punch,4
975,IMG_8806.jpg,norishio-punch,4
976,IMG_8953.jpg,norishio-punch,4
977,IMG_8847.jpg,norishio-punch,4
978,IMG_8861.jpg,norishio-punch,4
979,IMG_8818.jpg,norishio-punch,4
980,IMG_8895.jpg,norishio-punch,4
981,IMG_8820.jpg,norishio-punch,4
982,IMG_8823.jpg,norishio-punch,4
983,IMG_8871.jpg,norishio-punch,4
984,IMG_8954.jpg,norishio-punch,4
985,IMG_8925.jpg,norishio-punch,4
986,IMG_8924.jpg,norishio-punch,4
987,IMG_8786.jpg,norishio-punch,4
988,IMG_8882.jpg,norishio-punch,4
989,IMG_8947.jpg,norishio-punch,4
990,IMG_8783.jpg,norishio-punch,4
991,IMG_8829.jpg,norishio-punch,4
992,IMG_8849.jpg,norishio-punch,4
993,IMG_8843.jpg,norishio-punch,4
994,IMG_8992.jpg,norishio-punch,4
995,IMG_8877.jpg,norishio-punch,4
996,IMG_8800.jpg,norishio-punch,4
997,IMG_8787.jpg,norishio-punch,4
998,IMG_8785.jpg,norishio-punch,4
999,IMG_8990.jpg,norishio-punch,4
1000,IMG_8817.jpg,norishio-punch,4
1001,IMG_8784.jpg,norishio-punch,4
1002,IMG_8922.jpg,norishio-punch,4
1003,IMG_8933.jpg,norishio-punch,4
1004,IMG_8957.jpg,norishio-punch,4
1005,IMG_8934.jpg,norishio-punch,4
1006,IMG_8802.jpg,norishio-punch,4
1007,IMG_8819.jpg,norishio-punch,4
1008,IMG_8821.jpg,norishio-punch,4
1009,IMG_8793.jpg,norishio-punch,4
1010,IMG_8801.jpg,norishio-punch,4
1011,IMG_8833.jpg,norishio-punch,4
1012,IMG_8907.jpg,norishio-punch,4
1013,IMG_8964.jpg,norishio-punch,4
1014,IMG_8940.jpg,norishio-punch,4
1015,IMG_8949.jpg,norishio-punch,4
1016,IMG_8904.jpg,norishio-punch,4
1017,IMG_8789.jpg,norishio-punch,4
1018,IMG_8860.jpg,norishio-punch,4
1019,IMG_8974.jpg,norishio-punch,4
1020,IMG_8858.jpg,norishio-punch,4
1021,IMG_8984.jpg,norishio-punch,4
1022,IMG_8958.jpg,norishio-punch,4
1023,IMG_8969.jpg,norishio-punch,4
1024,IMG_8797.jpg,norishio-punch,4
1025,IMG_8782.jpg,norishio-punch,4
1026,IMG_8903.jpg,norishio-punch,4
1027,IMG_8824.jpg,norishio-punch,4
1028,IMG_8873.jpg,norishio-punch,4
1029,IMG_8916.jpg,norishio-punch,4
1030,IMG_8866.jpg,norishio-punch,4
1031,IMG_8834.jpg,norishio-punch,4
1032,IMG_8811.jpg,norishio-punch,4
1033,IMG_8881.jpg,norishio-punch,4
1034,IMG_8944.jpg,norishio-punch,4
1035,IMG_8921.jpg,norishio-punch,4
1036,IMG_8872.jpg,norishio-punch,4
1037,IMG_8830.jpg,norishio-punch,4
1038,IMG_8927.jpg,norishio-punch,4
1039,IMG_8854.jpg,norishio-punch,4
1040,IMG_8975.jpg,norishio-punch,4
1041,IMG_8894.jpg,norishio-punch,4
1042,IMG_8807.jpg,norishio-punch,4
1043,IMG_8853.jpg,norishio-punch,4
1044,IMG_8972.jpg,norishio-punch,4
1045,IMG_8886.jpg,norishio-punch,4
1046,IMG_8879.jpg,norishio-punch,4
1047,IMG_8867.jpg,norishio-punch,4
1048,IMG_8985.jpg,norishio-punch,4
1049,IMG_8926.jpg,norishio-punch,4
1050,IMG_8893.jpg,norishio-punch,4
1051,IMG_8910.jpg,norishio-punch,4
1052,IMG_8869.jpg,norishio-punch,4
1053,IMG_8809.jpg,norishio-punch,4
1054,IMG_8973.jpg,norishio-punch,4
1055,IMG_8884.jpg,norishio-punch,4
1056,IMG_8889.jpg,norishio-punch,4
1057,IMG_8827.jpg,norishio-punch,4
1058,IMG_8905.jpg,norishio-punch,4
1059,IMG_8845.jpg,norishio-punch,4
1060,IMG_8956.jpg,norishio-punch,4
1061,IMG_8919.jpg,norishio-punch,4
1062,IMG_8936.jpg,norishio-punch,4
1063,IMG_8929.jpg,norishio-punch,4
1064,IMG_8966.jpg,norishio-punch,4
1065,IMG_8928.jpg,norishio-punch,4
1066,IMG_8828.jpg,norishio-punch,4
1067,IMG_8794.jpg,norishio-punch,4
1068,IMG_8795.jpg,norishio-punch,4
1069,IMG_8846.jpg,norishio-punch,4
1070,IMG_8935.jpg,norishio-punch,4
1071,IMG_8799.jpg,norishio-punch,4
1072,IMG_8865.jpg,norishio-punch,4
1073,IMG_8955.jpg,norishio-punch,4
1074,IMG_8852.jpg,norishio-punch,4
1075,IMG_8987.jpg,norishio-punch,4
1076,IMG_8948.jpg,norishio-punch,4
1077,IMG_8915.jpg,norishio-punch,4
1078,IMG_8939.jpg,norishio-punch,4
1079,IMG_8822.jpg,norishio-punch,4
1080,IMG_8952.jpg,norishio-punch,4
1081,IMG_8880.jpg,norishio-punch,4
1082,IMG_8941.jpg,norishio-punch,4
1083,IMG_8943.jpg,norishio-punch,4
1084,IMG_8826.jpg,norishio-punch,4
1085,IMG_8892.jpg,norishio-punch,4
1086,IMG_8804.jpg,norishio-punch,4
1087,IMG_8798.jpg,norishio-punch,4
1088,IMG_8988.jpg,norishio-punch,4
1089,IMG_8967.jpg,norishio-punch,4
1090,IMG_8851.jpg,norishio-punch,4
1091,IMG_8890.jpg,norishio-punch,4
1092,IMG_8868.jpg,norishio-punch,4
1093,IMG_8979.jpg,norishio-punch,4
1094,IMG_8803.jpg,norishio-punch,4
1095,IMG_8977.jpg,norishio-punch,4
1096,IMG_8913.jpg,norishio-punch,4
1097,IMG_8796.jpg,norishio-punch,4
1098,IMG_8930.jpg,norishio-punch,4
1099,IMG_8901.jpg,norishio-punch,4
1100,IMG_8931.jpg,norishio-punch,4
1101,IMG_8897.jpg,norishio-punch,4
1102,IMG_8837.jpg,norishio-punch,4
1103,IMG_8842.jpg,norishio-punch,4
1104,IMG_8812.jpg,norishio-punch,4
1105,IMG_8909.jpg,norishio-punch,4
1106,IMG_8835.jpg,norishio-punch,4
1107,IMG_8816.jpg,norishio-punch,4
1108,IMG_8883.jpg,norishio-punch,4
1109,IMG_8946.jpg,norishio-punch,4
1110,IMG_8937.jpg,norishio-punch,4
1111,IMG_8805.jpg,norishio-punch,4
1112,IMG_8900.jpg,norishio-punch,4
1113,IMG_8902.jpg,norishio-punch,4
1114,IMG_8864.jpg,norishio-punch,4
1115,IMG_8856.jpg,norishio-punch,4
1116,IMG_8995.jpg,norishio-punch,4
1117,IMG_8780.jpg,norishio-punch,4
1118,IMG_8898.jpg,norishio-punch,4
1119,IMG_8965.jpg,norishio-punch,4
1120,IMG_8917.jpg,norishio-punch,4
1121,IMG_8999.jpg,norishio-punch,4
1122,IMG_8938.jpg,norishio-punch,4
1123,IMG_8976.jpg,norishio-punch,4
1124,IMG_8942.jpg,norishio-punch,4
1125,IMG_8970.jpg,norishio-punch,4
1126,IMG_8993.jpg,norishio-punch,4
1127,IMG_8530.jpg,kyusyu-shoyu,5
1128,IMG_8498.jpg,kyusyu-shoyu,5
1129,IMG_8541.jpg,kyusyu-shoyu,5
1130,IMG_8550.jpg,kyusyu-shoyu,5
1131,IMG_8439.jpg,kyusyu-shoyu,5
1132,IMG_8515.jpg,kyusyu-shoyu,5
1133,IMG_8489.jpg,kyusyu-shoyu,5
1134,IMG_8490.jpg,kyusyu-shoyu,5
1135,IMG_8395.jpg,kyusyu-shoyu,5
1136,IMG_8422.jpg,kyusyu-shoyu,5
1137,IMG_8376.jpg,kyusyu-shoyu,5
1138,IMG_8370.jpg,kyusyu-shoyu,5
1139,IMG_8479.jpg,kyusyu-shoyu,5
1140,IMG_8366.jpg,kyusyu-shoyu,5
1141,IMG_8388.jpg,kyusyu-shoyu,5
1142,IMG_8408.jpg,kyusyu-shoyu,5
1143,IMG_8534.jpg,kyusyu-shoyu,5
1144,IMG_8512.jpg,kyusyu-shoyu,5
1145,IMG_8481.jpg,kyusyu-shoyu,5
1146,IMG_8555.jpg,kyusyu-shoyu,5
1147,IMG_8359.jpg,kyusyu-shoyu,5
1148,IMG_8391.jpg,kyusyu-shoyu,5
1149,IMG_8500.jpg,kyusyu-shoyu,5
1150,IMG_8477.jpg,kyusyu-shoyu,5
1151,IMG_8537.jpg,kyusyu-shoyu,5
1152,IMG_8516.jpg,kyusyu-shoyu,5
1153,IMG_8360.jpg,kyusyu-shoyu,5
1154,IMG_8411.jpg,kyusyu-shoyu,5
1155,IMG_8429.jpg,kyusyu-shoyu,5
1156,IMG_8560.jpg,kyusyu-shoyu,5
1157,IMG_8497.jpg,kyusyu-shoyu,5
1158,IMG_8556.jpg,kyusyu-shoyu,5
1159,IMG_8521.jpg,kyusyu-shoyu,5
1160,IMG_8436.jpg,kyusyu-shoyu,5
1161,IMG_8402.jpg,kyusyu-shoyu,5
1162,IMG_8504.jpg,kyusyu-shoyu,5
1163,IMG_8377.jpg,kyusyu-shoyu,5
1164,IMG_8404.jpg,kyusyu-shoyu,5
1165,IMG_8535.jpg,kyusyu-shoyu,5
1166,IMG_8536.jpg,kyusyu-shoyu,5
1167,IMG_8539.jpg,kyusyu-shoyu,5
1168,IMG_8399.jpg,kyusyu-shoyu,5
1169,IMG_8415.jpg,kyusyu-shoyu,5
1170,IMG_8465.jpg,kyusyu-shoyu,5
1171,IMG_8441.jpg,kyusyu-shoyu,5
1172,IMG_8510.jpg,kyusyu-shoyu,5
1173,IMG_8357.jpg,kyusyu-shoyu,5
1174,IMG_8412.jpg,kyusyu-shoyu,5
1175,IMG_8491.jpg,kyusyu-shoyu,5
1176,IMG_8461.jpg,kyusyu-shoyu,5
1177,IMG_8406.jpg,kyusyu-shoyu,5
1178,IMG_8438.jpg,kyusyu-shoyu,5
1179,IMG_8355.jpg,kyusyu-shoyu,5
1180,IMG_8480.jpg,kyusyu-shoyu,5
1181,IMG_8546.jpg,kyusyu-shoyu,5
1182,IMG_8364.jpg,kyusyu-shoyu,5
1183,IMG_8432.jpg,kyusyu-shoyu,5
1184,IMG_8417.jpg,kyusyu-shoyu,5
1185,IMG_8383.jpg,kyusyu-shoyu,5
1186,IMG_8548.jpg,kyusyu-shoyu,5
1187,IMG_8493.jpg,kyusyu-shoyu,5
1188,IMG_8456.jpg,kyusyu-shoyu,5
1189,IMG_8562.jpg,kyusyu-shoyu,5
1190,IMG_8443.jpg,kyusyu-shoyu,5
1191,IMG_8551.jpg,kyusyu-shoyu,5
1192,IMG_8369.jpg,kyusyu-shoyu,5
1193,IMG_8505.jpg,kyusyu-shoyu,5
1194,IMG_8517.jpg,kyusyu-shoyu,5
1195,IMG_8416.jpg,kyusyu-shoyu,5
1196,IMG_8507.jpg,kyusyu-shoyu,5
1197,IMG_8427.jpg,kyusyu-shoyu,5
1198,IMG_8485.jpg,kyusyu-shoyu,5
1199,IMG_8454.jpg,kyusyu-shoyu,5
1200,IMG_8354.jpg,kyusyu-shoyu,5
1201,IMG_8421.jpg,kyusyu-shoyu,5
1202,IMG_8553.jpg,kyusyu-shoyu,5
1203,IMG_8409.jpg,kyusyu-shoyu,5
1204,IMG_8371.jpg,kyusyu-shoyu,5
1205,IMG_8488.jpg,kyusyu-shoyu,5
1206,IMG_8502.jpg,kyusyu-shoyu,5
1207,IMG_8482.jpg,kyusyu-shoyu,5
1208,IMG_8492.jpg,kyusyu-shoyu,5
1209,IMG_8532.jpg,kyusyu-shoyu,5
1210,IMG_8394.jpg,kyusyu-shoyu,5
1211,IMG_8418.jpg,kyusyu-shoyu,5
1212,IMG_8373.jpg,kyusyu-shoyu,5
1213,IMG_8420.jpg,kyusyu-shoyu,5
1214,IMG_8474.jpg,kyusyu-shoyu,5
1215,IMG_8545.jpg,kyusyu-shoyu,5
1216,IMG_8518.jpg,kyusyu-shoyu,5
1217,IMG_8509.jpg,kyusyu-shoyu,5
1218,IMG_8524.jpg,kyusyu-shoyu,5
1219,IMG_8449.jpg,kyusyu-shoyu,5
1220,IMG_8440.jpg,kyusyu-shoyu,5
1221,IMG_8378.jpg,kyusyu-shoyu,5
1222,IMG_8396.jpg,kyusyu-shoyu,5
1223,IMG_8552.jpg,kyusyu-shoyu,5
1224,IMG_8557.jpg,kyusyu-shoyu,5
1225,IMG_8379.jpg,kyusyu-shoyu,5
1226,IMG_8503.jpg,kyusyu-shoyu,5
1227,IMG_8543.jpg,kyusyu-shoyu,5
1228,IMG_8410.jpg,kyusyu-shoyu,5
1229,IMG_8405.jpg,kyusyu-shoyu,5
1230,IMG_8358.jpg,kyusyu-shoyu,5
1231,IMG_8458.jpg,kyusyu-shoyu,5
1232,IMG_8362.jpg,kyusyu-shoyu,5
1233,IMG_8445.jpg,kyusyu-shoyu,5
1234,IMG_8513.jpg,kyusyu-shoyu,5
1235,IMG_8401.jpg,kyusyu-shoyu,5
1236,IMG_8446.jpg,kyusyu-shoyu,5
1237,IMG_8460.jpg,kyusyu-shoyu,5
1238,IMG_8470.jpg,kyusyu-shoyu,5
1239,IMG_8455.jpg,kyusyu-shoyu,5
1240,IMG_8468.jpg,kyusyu-shoyu,5
1241,IMG_8523.jpg,kyusyu-shoyu,5
1242,IMG_8431.jpg,kyusyu-shoyu,5
1243,IMG_8473.jpg,kyusyu-shoyu,5
1244,IMG_8423.jpg,kyusyu-shoyu,5
1245,IMG_8393.jpg,kyusyu-shoyu,5
1246,IMG_8374.jpg,kyusyu-shoyu,5
1247,IMG_8389.jpg,kyusyu-shoyu,5
1248,IMG_8469.jpg,kyusyu-shoyu,5
1249,IMG_8356.jpg,kyusyu-shoyu,5
1250,IMG_8363.jpg,kyusyu-shoyu,5
1251,IMG_8434.jpg,kyusyu-shoyu,5
1252,IMG_8514.jpg,kyusyu-shoyu,5
1253,IMG_8447.jpg,kyusyu-shoyu,5
1254,IMG_8387.jpg,kyusyu-shoyu,5
1255,IMG_8444.jpg,kyusyu-shoyu,5
1256,IMG_8529.jpg,kyusyu-shoyu,5
1257,IMG_8372.jpg,kyusyu-shoyu,5
1258,IMG_8451.jpg,kyusyu-shoyu,5
1259,IMG_8437.jpg,kyusyu-shoyu,5
1260,IMG_8464.jpg,kyusyu-shoyu,5
1261,IMG_8403.jpg,kyusyu-shoyu,5
1262,IMG_8511.jpg,kyusyu-shoyu,5
1263,IMG_8533.jpg,kyusyu-shoyu,5
1264,IMG_8386.jpg,kyusyu-shoyu,5
1265,IMG_8499.jpg,kyusyu-shoyu,5
1266,IMG_8486.jpg,kyusyu-shoyu,5
1267,IMG_8496.jpg,kyusyu-shoyu,5
1268,IMG_8527.jpg,kyusyu-shoyu,5
1269,IMG_8559.jpg,kyusyu-shoyu,5
1270,IMG_8459.jpg,kyusyu-shoyu,5
1271,IMG_8467.jpg,kyusyu-shoyu,5
1272,IMG_8472.jpg,kyusyu-shoyu,5
1273,IMG_8365.jpg,kyusyu-shoyu,5
1274,IMG_8448.jpg,kyusyu-shoyu,5
1275,IMG_8368.jpg,kyusyu-shoyu,5
1276,IMG_8558.jpg,kyusyu-shoyu,5
1277,IMG_8519.jpg,kyusyu-shoyu,5
1278,IMG_8413.jpg,kyusyu-shoyu,5
1279,IMG_8508.jpg,kyusyu-shoyu,5
1280,IMG_8361.jpg,kyusyu-shoyu,5
1281,IMG_8390.jpg,kyusyu-shoyu,5
1282,IMG_8549.jpg,kyusyu-shoyu,5
1283,IMG_8544.jpg,kyusyu-shoyu,5
1284,IMG_8442.jpg,kyusyu-shoyu,5
1285,IMG_8506.jpg,kyusyu-shoyu,5
1286,IMG_8540.jpg,kyusyu-shoyu,5
1287,IMG_8554.jpg,kyusyu-shoyu,5
1288,IMG_8528.jpg,kyusyu-shoyu,5
1289,IMG_8382.jpg,kyusyu-shoyu,5
1290,IMG_8428.jpg,kyusyu-shoyu,5
1291,IMG_8419.jpg,kyusyu-shoyu,5
1292,IMG_8367.jpg,kyusyu-shoyu,5
1293,IMG_8384.jpg,kyusyu-shoyu,5
1294,IMG_8407.jpg,kyusyu-shoyu,5
1295,IMG_8483.jpg,kyusyu-shoyu,5
1296,IMG_8494.jpg,kyusyu-shoyu,5
1297,IMG_8484.jpg,kyusyu-shoyu,5
1298,IMG_8424.jpg,kyusyu-shoyu,5
1299,IMG_8433.jpg,kyusyu-shoyu,5
1300,IMG_8457.jpg,kyusyu-shoyu,5
1301,IMG_8380.jpg,kyusyu-shoyu,5
1302,IMG_8522.jpg,kyusyu-shoyu,5
1303,IMG_8463.jpg,kyusyu-shoyu,5
1304,IMG_8435.jpg,kyusyu-shoyu,5
1305,IMG_8501.jpg,kyusyu-shoyu,5
1306,IMG_8400.jpg,kyusyu-shoyu,5
1307,IMG_8475.jpg,kyusyu-shoyu,5
1308,IMG_8520.jpg,kyusyu-shoyu,5
1309,IMG_8381.jpg,kyusyu-shoyu,5
1310,IMG_8352.jpg,kyusyu-shoyu,5
1311,IMG_8450.jpg,kyusyu-shoyu,5
1312,IMG_8487.jpg,kyusyu-shoyu,5
1313,IMG_8531.jpg,kyusyu-shoyu,5
1314,IMG_8525.jpg,kyusyu-shoyu,5
1315,IMG_8542.jpg,kyusyu-shoyu,5
1316,IMG_8353.jpg,kyusyu-shoyu,5
1317,IMG_8471.jpg,kyusyu-shoyu,5
1318,IMG_8398.jpg,kyusyu-shoyu,5
1319,IMG_8526.jpg,kyusyu-shoyu,5
1320,IMG_8547.jpg,kyusyu-shoyu,5
1321,IMG_8561.jpg,kyusyu-shoyu,5
1322,IMG_8462.jpg,kyusyu-shoyu,5
1323,IMG_8538.jpg,kyusyu-shoyu,5
1324,IMG_8425.jpg,kyusyu-shoyu,5
1325,IMG_8430.jpg,kyusyu-shoyu,5
1326,IMG_8392.jpg,kyusyu-shoyu,5
1327,IMG_8385.jpg,kyusyu-shoyu,5
1328,IMG_8466.jpg,kyusyu-shoyu,5
1329,IMG_8478.jpg,kyusyu-shoyu,5
1330,IMG_8453.jpg,kyusyu-shoyu,5
1331,IMG_8397.jpg,kyusyu-shoyu,5
1332,IMG_8495.jpg,kyusyu-shoyu,5
1333,IMG_8426.jpg,kyusyu-shoyu,5
1334,IMG_8414.jpg,kyusyu-shoyu,5
1335,IMG_8375.jpg,kyusyu-shoyu,5
1336,IMG_8452.jpg,kyusyu-shoyu,5
1337,IMG_8476.jpg,kyusyu-shoyu,5
1338,IMG_9172.jpg,usushio,6
1339,IMG_9048.jpg,usushio,6
1340,IMG_9215.jpg,usushio,6
1341,IMG_9110.jpg,usushio,6
1342,IMG_9038.jpg,usushio,6
1343,IMG_9119.jpg,usushio,6
1344,IMG_9222.jpg,usushio,6
1345,IMG_9135.jpg,usushio,6
1346,IMG_9198.jpg,usushio,6
1347,IMG_9149.jpg,usushio,6
1348,IMG_9197.jpg,usushio,6
1349,IMG_9218.jpg,usushio,6
1350,IMG_9076.jpg,usushio,6
1351,IMG_9044.jpg,usushio,6
1352,IMG_9167.jpg,usushio,6
1353,IMG_9158.jpg,usushio,6
1354,IMG_9003.jpg,usushio,6
1355,IMG_9016.jpg,usushio,6
1356,IMG_9229.jpg,usushio,6
1357,IMG_9202.jpg,usushio,6
1358,IMG_9014.jpg,usushio,6
1359,IMG_9184.jpg,usushio,6
1360,IMG_9126.jpg,usushio,6
1361,IMG_9138.jpg,usushio,6
1362,IMG_9013.jpg,usushio,6
1363,IMG_9071.jpg,usushio,6
1364,IMG_9140.jpg,usushio,6
1365,IMG_9031.jpg,usushio,6
1366,IMG_9185.jpg,usushio,6
1367,IMG_9012.jpg,usushio,6
1368,IMG_9063.jpg,usushio,6
1369,IMG_9117.jpg,usushio,6
1370,IMG_9095.jpg,usushio,6
1371,IMG_9212.jpg,usushio,6
1372,IMG_9207.jpg,usushio,6
1373,IMG_9153.jpg,usushio,6
1374,IMG_9099.jpg,usushio,6
1375,IMG_9152.jpg,usushio,6
1376,IMG_9125.jpg,usushio,6
1377,IMG_9040.jpg,usushio,6
1378,IMG_9028.jpg,usushio,6
1379,IMG_9033.jpg,usushio,6
1380,IMG_9137.jpg,usushio,6
1381,IMG_9234.jpg,usushio,6
1382,IMG_9103.jpg,usushio,6
1383,IMG_9083.jpg,usushio,6
1384,IMG_9017.jpg,usushio,6
1385,IMG_9151.jpg,usushio,6
1386,IMG_9059.jpg,usushio,6
1387,IMG_9018.jpg,usushio,6
1388,IMG_9047.jpg,usushio,6
1389,IMG_9121.jpg,usushio,6
1390,IMG_9200.jpg,usushio,6
1391,IMG_9194.jpg,usushio,6
1392,IMG_9163.jpg,usushio,6
1393,IMG_9030.jpg,usushio,6
1394,IMG_9104.jpg,usushio,6
1395,IMG_9053.jpg,usushio,6
1396,IMG_9205.jpg,usushio,6
1397,IMG_9130.jpg,usushio,6
1398,IMG_9219.jpg,usushio,6
1399,IMG_9007.jpg,usushio,6
1400,IMG_9201.jpg,usushio,6
1401,IMG_9025.jpg,usushio,6
1402,IMG_9162.jpg,usushio,6
1403,IMG_9129.jpg,usushio,6
1404,IMG_9097.jpg,usushio,6
1405,IMG_9084.jpg,usushio,6
1406,IMG_9177.jpg,usushio,6
1407,IMG_9136.jpg,usushio,6
1408,IMG_9233.jpg,usushio,6
1409,IMG_9019.jpg,usushio,6
1410,IMG_9050.jpg,usushio,6
1411,IMG_9170.jpg,usushio,6
1412,IMG_9164.jpg,usushio,6
1413,IMG_9045.jpg,usushio,6
1414,IMG_9127.jpg,usushio,6
1415,IMG_9171.jpg,usushio,6
1416,IMG_9173.jpg,usushio,6
1417,IMG_9082.jpg,usushio,6
1418,IMG_9078.jpg,usushio,6
1419,IMG_9034.jpg,usushio,6
1420,IMG_9056.jpg,usushio,6
1421,IMG_9057.jpg,usushio,6
1422,IMG_9175.jpg,usushio,6
1423,IMG_9220.jpg,usushio,6
1424,IMG_9189.jpg,usushio,6
1425,IMG_9062.jpg,usushio,6
1426,IMG_9114.jpg,usushio,6
1427,IMG_9073.jpg,usushio,6
1428,IMG_9169.jpg,usushio,6
1429,IMG_9089.jpg,usushio,6
1430,IMG_9168.jpg,usushio,6
1431,IMG_9230.jpg,usushio,6
1432,IMG_9070.jpg,usushio,6
1433,IMG_9179.jpg,usushio,6
1434,IMG_9176.jpg,usushio,6
1435,IMG_9024.jpg,usushio,6
1436,IMG_9015.jpg,usushio,6
1437,IMG_9147.jpg,usushio,6
1438,IMG_9182.jpg,usushio,6
1439,IMG_9142.jpg,usushio,6
1440,IMG_9091.jpg,usushio,6
1441,IMG_9157.jpg,usushio,6
1442,IMG_9128.jpg,usushio,6
1443,IMG_9052.jpg,usushio,6
1444,IMG_9195.jpg,usushio,6
1445,IMG_9090.jpg,usushio,6
1446,IMG_9146.jpg,usushio,6
1447,IMG_9079.jpg,usushio,6
1448,IMG_9206.jpg,usushio,6
1449,IMG_9214.jpg,usushio,6
1450,IMG_9001.jpg,usushio,6
1451,IMG_9020.jpg,usushio,6
1452,IMG_9180.jpg,usushio,6
1453,IMG_9081.jpg,usushio,6
1454,IMG_9075.jpg,usushio,6
1455,IMG_9143.jpg,usushio,6
1456,IMG_9226.jpg,usushio,6
1457,IMG_9235.jpg,usushio,6
1458,IMG_9211.jpg,usushio,6
1459,IMG_9196.jpg,usushio,6
1460,IMG_9092.jpg,usushio,6
1461,IMG_9178.jpg,usushio,6
1462,IMG_9060.jpg,usushio,6
1463,IMG_9115.jpg,usushio,6
1464,IMG_9217.jpg,usushio,6
1465,IMG_9051.jpg,usushio,6
1466,IMG_9148.jpg,usushio,6
1467,IMG_9009.jpg,usushio,6
1468,IMG_9209.jpg,usushio,6
1469,IMG_9087.jpg,usushio,6
1470,IMG_9139.jpg,usushio,6
1471,IMG_9165.jpg,usushio,6
1472,IMG_9069.jpg,usushio,6
1473,IMG_9166.jpg,usushio,6
1474,IMG_9026.jpg,usushio,6
1475,IMG_9054.jpg,usushio,6
1476,IMG_9118.jpg,usushio,6
1477,IMG_9161.jpg,usushio,6
1478,IMG_9192.jpg,usushio,6
1479,IMG_9068.jpg,usushio,6
1480,IMG_9183.jpg,usushio,6
1481,IMG_9039.jpg,usushio,6
1482,IMG_9072.jpg,usushio,6
1483,IMG_9213.jpg,usushio,6
1484,IMG_9160.jpg,usushio,6
1485,IMG_9005.jpg,usushio,6
1486,IMG_9221.jpg,usushio,6
1487,IMG_9080.jpg,usushio,6
1488,IMG_9029.jpg,usushio,6
1489,IMG_9085.jpg,usushio,6
1490,IMG_9086.jpg,usushio,6
1491,IMG_9190.jpg,usushio,6
1492,IMG_9155.jpg,usushio,6
1493,IMG_9049.jpg,usushio,6
1494,IMG_9150.jpg,usushio,6
1495,IMG_9101.jpg,usushio,6
1496,IMG_9100.jpg,usushio,6
1497,IMG_9108.jpg,usushio,6
1498,IMG_9002.jpg,usushio,6
1499,IMG_9186.jpg,usushio,6
1500,IMG_9187.jpg,usushio,6
1501,IMG_9159.jpg,usushio,6
1502,IMG_9191.jpg,usushio,6
1503,IMG_9011.jpg,usushio,6
1504,IMG_9188.jpg,usushio,6
1505,IMG_9154.jpg,usushio,6
1506,IMG_9046.jpg,usushio,6
1507,IMG_9174.jpg,usushio,6
1508,IMG_9027.jpg,usushio,6
1509,IMG_9066.jpg,usushio,6
1510,IMG_9134.jpg,usushio,6
1511,IMG_9199.jpg,usushio,6
1512,IMG_9058.jpg,usushio,6
1513,IMG_9074.jpg,usushio,6
1514,IMG_9035.jpg,usushio,6
1515,IMG_9120.jpg,usushio,6
1516,IMG_9022.jpg,usushio,6
1517,IMG_9041.jpg,usushio,6
1518,IMG_9096.jpg,usushio,6
1519,IMG_9123.jpg,usushio,6
1520,IMG_9006.jpg,usushio,6
1521,IMG_9231.jpg,usushio,6
1522,IMG_9098.jpg,usushio,6
1523,IMG_9107.jpg,usushio,6
1524,IMG_9004.jpg,usushio,6
1525,IMG_9204.jpg,usushio,6
1526,IMG_9141.jpg,usushio,6
1527,IMG_9112.jpg,usushio,6
1528,IMG_9042.jpg,usushio,6
1529,IMG_9077.jpg,usushio,6
1530,IMG_9224.jpg,usushio,6
1531,IMG_9208.jpg,usushio,6
1532,IMG_9228.jpg,usushio,6
1533,IMG_9181.jpg,usushio,6
1534,IMG_9032.jpg,usushio,6
1535,IMG_9106.jpg,usushio,6
1536,IMG_9021.jpg,usushio,6
1537,IMG_9210.jpg,usushio,6
1538,IMG_9105.jpg,usushio,6
1539,IMG_9055.jpg,usushio,6
1540,IMG_9223.jpg,usushio,6
1541,IMG_9093.jpg,usushio,6
1542,IMG_9227.jpg,usushio,6
1543,IMG_9037.jpg,usushio,6
1544,IMG_9088.jpg,usushio,6
1545,IMG_9156.jpg,usushio,6
1546,IMG_9133.jpg,usushio,6
1547,IMG_9193.jpg,usushio,6
1548,IMG_9203.jpg,usushio,6
1549,IMG_9008.jpg,usushio,6
1550,IMG_9065.jpg,usushio,6
1551,IMG_9102.jpg,usushio,6
1552,IMG_9232.jpg,usushio,6
1553,IMG_9122.jpg,usushio,6
1554,IMG_9132.jpg,usushio,6
1555,IMG_9067.jpg,usushio,6
1556,IMG_9144.jpg,usushio,6
1557,IMG_9036.jpg,usushio,6
1558,IMG_9113.jpg,usushio,6
1559,IMG_9131.jpg,usushio,6
1560,IMG_9023.jpg,usushio,6
1561,IMG_9061.jpg,usushio,6
1562,IMG_9116.jpg,usushio,6
1563,IMG_9124.jpg,usushio,6
1564,IMG_9145.jpg,usushio,6
1565,IMG_9225.jpg,usushio,6
1566,IMG_9109.jpg,usushio,6
1567,IMG_9043.jpg,usushio,6
1568,IMG_9010.jpg,usushio,6
1569,IMG_9064.jpg,usushio,6
1570,IMG_9094.jpg,usushio,6
1571,IMG_9216.jpg,usushio,6
1572,IMG_9111.jpg,usushio,6
